fips,stateabb,urban,suburb,town,rural,perind,perasn,perhsp,perblk,perwht,perfl,perrl,perfrl,perell,perspeced,totenrl,hswhtblk,hswhthsp,hsflnfl,hsecdnec,rswhtblk,rswhthsp,rsflnfl,rsecdnec,perecd,baplusavgall,baplusavgblk,baplusavgwht,baplusavghsp,povertyavgall,povertyavgblk,povertyavgwht,povertyavghsp,unempavgall,unempavgblk,unempavgwht,unempavghsp,snapavgall,snapavgblk,snapavgwht,snapavghsp,single_momavgall,single_momavgblk,single_momavgwht,single_momavghsp,sesavgall,sesavgwht,sesavgblk,sesavghsp,sesavgnam,sesavgwhtblk,sesavgwhthsp,lninc50avgall,lninc50avgwht,lninc50avgblk,lninc50avghsp
1,AL,0.28263021,0.21682583,0.11730432,0.38323963,0.0088268733,0.013806097,0.058654107,0.33805665,0.58065629,0.50066757,0.069408618,0.5700587,0.026554359,0.092681549,340913.55,0.43758687,0.24551085,0.15345727,0.19065021,0.48720545,0.20979917,0.19154552,0.22386198,0.591097,0.23014608,0.16760132,0.2585156,0.13891637,0.17711285,0.30152765,0.12102303,0.31024769,0.082288049,0.13626312,0.064988673,0.07034117,0.13624722,0.2756874,0.084074825,0.16781168,0.22161137,0.47492176,0.13781393,0.19346356,-0.5161525,0.21240503,-2.4988067,-1.0877159,-0.70438427,2.7112117,1.3001208,10.682899,10.830668,10.267275,10.476563
2,AK,0.46196353,0.052186187,0.21055274,0.27529755,0.24914575,0.072262928,0.077312827,0.041471004,0.55980748,0.38455051,0.079609245,0.46381396,0.11271218,0.13853148,58802.77777777778,0.23640087,0.15599909,0.19045025,0.21652077,0.17166664,0.1354546,0.23546982,0.25163117,0.48595855,0.27892095,0.21564241,0.33559561,0.20303389,0.10128994,0.1492167,0.066567659,0.1163217,0.092705108,0.10411248,0.063302286,0.080005929,0.097343512,0.13683775,0.056771614,0.11061098,0.16654545,0.31479725,0.12030294,0.2276679,0.24450943,0.84263551,-0.67371684,-0.12059748,-2.1808875,1.5163523,0.96323299,11.153067,11.254036,10.8832,10.993158
4,AZ,0.50261849,0.26987219,0.10708376,0.12042557,0.049109228,0.029540118,0.4457013,0.05487366,0.42077571,0.41549563,0.12043463,0.53453499,0.085091121,0.11822394,504932.6,0.25314298,0.33216596,0.25306714,0.31991071,0.23782085,0.39236802,0.30351928,0.36945686,0.56536865,0.26972011,0.24088827,0.33351842,0.1208763,0.1630345,0.22507025,0.10156426,0.24871612,0.079263709,0.11047415,0.063652724,0.089926548,0.11053869,0.19795929,0.068155758,0.2035298,0.18704279,0.36588347,0.13839675,0.26115525,-0.15385793,0.47681344,-1.3590043,-1.2289177,-2.716738,1.8358177,1.7057312,10.844395,10.946105,10.617948,10.609054
5,AR,0.3031477,0.13132448,0.24805811,0.31746972,0.0070173256,0.015442635,0.11592731,0.21031766,0.65129507,0.47184655,0.099410005,0.57084107,0.073961608,0.11649694,219154.8,0.47162262,0.27520812,0.1201736,0.15998253,0.49512702,0.27650589,0.1491759,0.1802271,0.63398433,0.20582674,0.15263732,0.22824809,0.092914343,0.18216181,0.3311688,0.14018448,0.29747435,0.074902408,0.13654082,0.061007854,0.060734399,0.13254435,0.29025036,0.10074697,0.15035598,0.19805323,0.48626521,0.14708106,0.19442858,-0.48807991,-0.0024594276,-2.7206647,-1.0230125,-0.93081141,2.7182052,1.0205531,10.625962,10.714343,10.188227,10.45787
6,CA,0.47342676,0.41856644,0.062451672,0.045555145,0.0063748043,0.11898289,0.5456062,0.063661888,0.26537421,0.50011253,0.08770147,0.58773178,0.23873866,0.110439,2798108.3,0.41522926,0.36986953,0.24332036,0.33311227,0.44060495,0.41161039,0.29814953,0.3781369,0.62681878,0.31042194,0.2441294,0.39695957,0.12035505,0.14618842,0.22285838,0.092272662,0.20516774,0.08578822,0.14349845,0.072633363,0.098183334,0.074963942,0.14655419,0.039902132,0.13545929,0.19342236,0.43322963,0.1435875,0.23857684,0.12760414,0.76377201,-1.4612825,-0.76961112,-1.0555909,2.2250545,1.5333831,11.051612,11.204087,10.703325,10.793944
8,CO,0.39068237,0.41508877,0.094199076,0.10002977,0.0085538039,0.033519488,0.32924584,0.049981542,0.57869935,0.34701923,0.076169558,0.42318875,0.11651693,0,387286.8,0.3786625,0.27996117,0.24445048,0.27503195,0.33223885,0.33829689,0.29011941,0.33169153,0.43816003,0.37612367,0.24690092,0.4247075,0.14196955,0.11934166,0.22274995,0.08467602,0.21546519,0.064332418,0.11252015,0.054525748,0.083914742,0.072299667,0.18196404,0.047733571,0.16178584,0.15464713,0.34757498,0.12431856,0.2399393,0.45670262,0.86148953,-1.2432561,-0.87118822,-1.2977324,2.1047456,1.7326777,11.007069,11.098602,10.644632,10.661876
9,CT,0.28400624,0.56004363,0.039026808,0.11692332,0.0030955537,0.048829474,0.21225592,0.12947764,0.60634142,0.30527148,0.054512184,0.35965595,0.059961803,0.13582689,243085.95,0.45554385,0.37329692,0.32048163,0.33622047,0.4747397,0.42184868,0.36559397,0.38782334,0.37549591,0.36641815,0.20177765,0.39025262,0.15986711,0.097439922,0.19697049,0.05689628,0.24115695,0.081269056,0.14241895,0.061682891,0.1206328,0.098454721,0.24257345,0.053830851,0.29920959,0.19119655,0.47017333,0.13374566,0.3685776,0.34419465,0.92574656,-1.831755,-1.8621778,-1.5852503,2.7575016,2.7879245,11.154015,11.270541,10.687356,10.617316
10,DE,0.081465743,0.56542552,0.17852184,0.17458691,0.0042168354,0.036167562,0.148351,0.32325336,0.48801124,0.41195846,0.072005443,0.48385152,0.068749093,0.15533905,59856.55,0.1764131,0.19683148,0.13992922,0.13370153,0.21110635,0.22305289,0.1702349,0.16530651,0.48870015,0.29223073,0.21245272,0.30966821,0.14290972,0.11719708,0.18989959,0.079111375,0.24268703,0.074154697,0.10271941,0.059823044,0.079353765,0.10582048,0.21450706,0.067672037,0.21751609,0.20273024,0.4194029,0.14406972,0.23605017,0.08758869,0.59491199,-1.3936523,-1.0568947,-1.5796851,1.9885643,1.6518066,10.99518,11.079199,10.706472,10.710603
11,DC,1,0,0,0,0.0011491767,0.015764683,0.14026952,0.74978799,0.093028635,0.70692348,0.064120196,0.77060831,0.081680112,0.15501083,29247.5,0.57734311,0.53426093,0.23821011,0.45888874,0.50490421,0.5835802,0.2759423,0.47211176,0.75976318,0.52348226,0.24087659,0.8875851,0.39441612,0.17545941,0.25571623,0.067473628,0.14342169,0.084836535,0.15131697,0.02724901,0.060529813,0.12168072,0.23139103,0.0090174153,0.09136571,0.36662632,0.57536274,0.071269661,0.25436661,-0.23992802,2.1728706,-2.2766695,0.097143829,-0.21591178,4.4464855,2.0553329,11.127912,11.671041,10.600351,10.986133
12,FL,0.12070195,0.76692969,0.032313742,0.080054611,0.0034261881,0.027214529,0.30799285,0.23112155,0.43024486,0.52132636,0.069130413,0.59041107,0.091979899,0.13573614,1235675.75,0.3464914,0.30809647,0.16897494,0.19930106,0.40034819,0.36581603,0.21050552,0.23749943,0.61309433,0.26989773,0.18138216,0.30341694,0.22186165,0.1484386,0.25090364,0.10389137,0.1940406,0.085041843,0.13258605,0.070844203,0.081830107,0.11900515,0.24729207,0.068054959,0.21043985,0.19988163,0.43004069,0.13840547,0.23791577,-0.23089242,0.36668599,-1.9996109,-0.85869414,-0.98453808,2.3662968,1.2253802,10.788815,10.885615,10.476039,10.650835
13,GA,0.16821739,0.46486732,0.084162004,0.28275326,0.0021324353,0.037586242,0.13967815,0.37787327,0.44272989,0.54237378,0.073038436,0.61506444,0.055660266,0.11094142,781962.7,0.39870933,0.30717492,0.2329898,0.29011217,0.4538669,0.35113779,0.28047132,0.32212648,0.61878401,0.28584567,0.21817003,0.31914854,0.14697546,0.16463386,0.24537976,0.10640875,0.27153379,0.08255583,0.13037349,0.063604176,0.071802333,0.12558323,0.22868556,0.074453495,0.1544636,0.22304867,0.44090408,0.13141054,0.19231251,-0.29701236,0.47183746,-1.866565,-0.85943204,-1.0090493,2.3384025,1.3312695,10.83582,10.99086,10.534915,10.6006
15,HI,0,1,0,0,0.0076053813,0.56768525,0.17466423,0.030428626,0.21961652,0.38938394,0.10698664,0.49636945,0.09254989,0.10730328,83830.2,0.17357935,0.13590354,0.12253064,0.1424977,0.12413579,0.16014683,0.15254016,0.17931662,0.52221727,0.3083156,0.27667487,0.43683884,0.19337368,0.096775405,0.087817818,0.093691908,0.13607967,0.048764404,0.086233415,0.049722776,0.073686332,0.089455448,0.052308608,0.058474556,0.15269795,0.17682347,0.14278762,0.11534714,0.23643447,0.49656326,0.91412139,0.45828199,-0.30537039,-0.66083753,0.46185327,1.2177612,11.167126,11.185223,11.040068,11.003902
16,ID,0.25376445,0.26873267,0.24829954,0.22920334,0.013842941,0.013625376,0.17100613,0.010740154,0.79078537,0.38193417,0.10581402,0.4876909,0.055429723,0.099278152,132836,0.1450471,0.16948029,0.096964151,0.16879301,0.035019875,0.16758612,0.12071443,0.18971793,0.53565174,0.25298047,0.27663189,0.27860281,0.097464703,0.14152208,0.30484456,0.12291501,0.25107238,0.066898599,0.13953112,0.059707798,0.082170211,0.10177306,0.25373244,0.08969631,0.20353064,0.13531779,0.18878332,0.12606533,0.20383391,0.061447971,0.25571081,-1.4596825,-1.1255528,-1.7971084,1.7153933,1.3812636,10.778724,10.811237,10.501615,10.536187
17,IL,0.30113077,0.48658243,0.10564328,0.10664351,0.002978785,0.047422267,0.25086832,0.17975357,0.51897705,0.43875834,0.081720404,0.52015471,0.10769945,0.14611571,907812.25,0.61433989,0.4798559,0.28290394,0.33094132,0.65387249,0.53538716,0.33700281,0.38495189,0.51457328,0.3158938,0.20818599,0.34699464,0.131503,0.13244714,0.28605276,0.085472867,0.18540917,0.086668983,0.18339944,0.063592561,0.092569858,0.11232913,0.29840904,0.066941105,0.17671491,0.19265014,0.51670551,0.13317296,0.21256761,0.0029060561,0.62691855,-2.6847007,-0.74302632,-0.92221421,3.3116193,1.3699448,10.962868,11.067266,10.455517,10.782761
18,IN,0.31787279,0.27573276,0.15147877,0.25491568,0.0025677835,0.02028273,0.10486133,0.12969099,0.74259716,0.41185212,0.081247985,0.49308798,0.049814187,0.16277659,475726,0.50915557,0.28327608,0.1551248,0.15875617,0.51408041,0.27337801,0.19349097,0.19909053,0.48111328,0.23754962,0.17511551,0.2489917,0.12888509,0.14150438,0.29546726,0.11288953,0.26066896,0.077116281,0.15724412,0.065340213,0.090789892,0.10615617,0.2723532,0.085253753,0.16825642,0.18162799,0.49452248,0.15000166,0.22421245,-0.11553894,0.2087611,-2.5611985,-1.0681024,-1.049989,2.7699594,1.2768635,10.809783,10.86613,10.345068,10.586464
19,IA,0.30086672,0.10391077,0.26152766,0.33369485,0.0044655968,0.023470853,0.099445954,0.058572784,0.81404483,0.33556166,0.075670607,0.41122922,0.048937835,0.13062733,214915,0.29145411,0.24142414,0.12572293,0.14342391,0.21491139,0.21659589,0.15457365,0.17922352,0.41414195,0.26158825,0.1908979,0.27356166,0.12232926,0.11790444,0.35314026,0.10006191,0.2405498,0.052315731,0.1358557,0.04447867,0.083031647,0.10098814,0.37543455,0.087455705,0.21223226,0.14262147,0.4781332,0.12834826,0.24448115,0.23728362,0.43020147,-2.9592888,-1.1723117,-1.9974108,3.3894904,1.6025132,10.863141,10.890078,10.212667,10.584332
20,KS,0.26644036,0.19803682,0.28540316,0.25011966,0.011694406,0.028194366,0.18559381,0.07773605,0.69678134,0.3924827,0.10086457,0.4933472,0.093498245,0.13981979,214700.8888888889,0.33828348,0.3073056,0.19161673,0.21549132,0.30810592,0.34106392,0.23197186,0.26158279,0.48571834,0.30728251,0.20485944,0.32913858,0.12430155,0.12707275,0.26051772,0.10007776,0.23337768,0.058096308,0.13173658,0.048099704,0.076092586,0.081462733,0.23109448,0.064248741,0.13698666,0.15565927,0.42120272,0.13159002,0.21529426,0.25979853,0.55191338,-1.968364,-0.81064397,-1.0511239000000001,2.5202775,1.3625574,10.852723,10.906787,10.399646,10.589984
21,KY,0.20136915,0.19610114,0.250543,0.35198671,0.0013440396,0.015566465,0.05237614,0.10933486,0.82137847,0.51137984,0.065253794,0.5766331,0.028588656,0.14823705,302277.05,0.34369752,0.19071659,0.092935756,0.11606665,0.29681629,0.12642868,0.11949742,0.14447168,0.5952096,0.21723437,0.1680184,0.22383125,0.16774923,0.18123606,0.30704278,0.16485232,0.29832065,0.082170337,0.13646403,0.073439308,0.078866333,0.15201725,0.27409974,0.13956995,0.20927674,0.19058765,0.48254272,0.16717829,0.20957422,-0.51108259,-0.29912204,-2.5094481,-1.202405,-1.8833704,2.210326,0.903283,10.683812,10.719907,10.30022,10.518049
22,LA,0.38466591,0.31145957,0.14548004,0.1583945,0.0078963451,0.01447705,0.047174059,0.45507079,0.47538173,0.59912646,0.070639282,0.66973984,0.024035536,0.11919939,319323.3,0.38730794,0.26391977,0.16406138,0.18972145,0.43999127,0.23236212,0.20069338,0.21155792,0.70050609,0.2198835,0.14589289,0.25648832,0.1813878,0.19219631,0.32914057,0.11791807,0.21451771,0.081031635,0.12966427,0.055696003,0.074223362,0.16550791,0.31030923,0.099505298,0.14370231,0.24976881,0.48413688,0.14809471,0.21895492,-0.71895456,0.22666752,-2.7306485,-0.68009764,-1.2872939,2.9573162,0.90676516,10.694263,10.896813,10.217155,10.644365
23,ME,0.12637183,0.16407999,0.18457985,0.52496833,0.0065328884,0.015363502,0.017981978,0.031089898,0.92903172999999994,0.35501096,0.070670255,0.42567572,0.028018897,0.16302642,81762.05,0.31354988,0.13645211,0.096563213,0.11229819,0.19090469,0.031995144,0.11419308,0.14149384,0.44853067,0.28136656,0.22303736,0.28394887,0.27124071,0.12888679,0.42705333,0.12080083,0.23834354,0.070644625,0.14658456,0.060221326,0.092080325,0.14688818,0.42812926,0.14012855,0.23415995,0.15186787,0.36153859,0.14691034,0.23755835,-0.050966203,0.06169707,-3.0362437,-1.0771751,-2.8010459,3.0979407,1.1388723,10.806007,10.817301,10.219391,10.591645
24,MD,0.12547244,0.77165359,0.017715655,0.085158288,0.0032696298,0.064560227,0.13219249,0.35946554,0.44051212,0.36186394,0.067445017,0.42929918,0.063883334,0.11956526,379071.8888888889,0.4782497,0.38505995,0.22066917,0.24283923,0.53804845,0.43324089,0.26249191,0.29250866,0.43170911,0.37158993,0.26900801,0.39985865,0.20333804,0.09255819,0.14108969,0.062395379,0.12725113,0.068998314,0.10103221,0.049557295,0.067857355,0.086558335,0.15937515,0.051368661,0.10752484,0.21201885,0.41134641,0.12884288,0.20895512,0.43478894,1.0271795,-0.83694351,0.0014991991,-0.63178658,1.864123,1.0256803,11.207762,11.321922,10.97072,11.060558
25,MA,0.18398359,0.71045113,0.015840653,0.089724645,0.0024639999,0.062844142,0.17398711,0.085827485,0.67487729,0.30830956,0.050306231,0.35861549,0.072802909,0.17367589,427568.9,0.42991701,0.42395267,0.27612397,0.27411515,0.43555817,0.4646157,0.32375416,0.32717136,0.35134712,0.39925307,0.24121042,0.4063265,0.17466362,0.10805685,0.21066327,0.073361389,0.28554398,0.07579729,0.122467,0.060443468,0.11247245,0.10357161,0.24548219,0.069116943,0.34532377,0.19464381,0.45215675,0.15252285,0.43611628,0.34094843,0.77428663,-1.7018185,-2.3282979,-1.8752606,2.476105,3.1025846,11.132871,11.210851,10.678261,10.476582
26,MI,0.2512866,0.4391664,0.12205812,0.18748891,0.0076973094,0.031568788,0.069226108,0.18871678,0.70279104,0.42517531,0.06128417,0.48644489,0.051426426,0.12811372,688347.25,0.57994318,0.28822708,0.20715186,0.21946886,0.61491084,0.27861604,0.25471014,0.26729077,0.49281836,0.26326746,0.17733465,0.27855995,0.16457339000000001,0.15356334,0.31989694,0.11573316,0.25092724,0.10472237,0.19760206,0.080552846,0.12133467,0.13989903,0.33553845,0.10370685,0.22559287,0.19176114,0.51403153,0.14185652,0.2522971,-0.36452952,0.14895532,-3.0496938,-1.3686396,-1.5164987,3.1986492,1.5175949,10.823461,10.896092,10.348941,10.612398
27,MN,0.20313223,0.37080985,0.22165073,0.20440719,0.01889717,0.066482566,0.084203541,0.10204693,0.72836977,0.30042535,0.079763465,0.38018554,0.077713609,0.14635266,377590.45,0.39223164,0.2519086,0.1668714,0.17287427,0.38265699,0.23471311,0.20118357,0.2116262,0.38640144,0.33072364,0.21195988,0.34278071,0.16022171,0.10405383,0.33269358,0.076242991,0.22133876,0.061988648,0.14807765,0.047117107,0.085045822,0.073458664,0.33836469,0.051214829,0.16012199,0.14347894,0.45777193,0.11818628,0.26115155,0.48806956,0.8055653,-2.6957703,-0.92369908,-2.5796216,3.5013356,1.7292644,11.018426,11.062576,10.3331,10.655752
28,MS,0.10521165,0.13421339,0.27603686,0.48453808,0.0022272053,0.010014906,0.03016343,0.49245796,0.46513653,0.6543901,0.080200948,0.73383695,0.019761231,0.13422444,222855.3,0.39696157,0.21432528,0.19214557,0.21881865,0.44784388,0.15305698,0.22278811,0.24052542,0.65507704,0.20309229,0.1497186,0.24612677,0.13242425,0.2165271,0.34983259,0.12866232,0.2671186,0.094080009,0.14982305,0.065145276,0.083432391,0.16278958,0.29396662,0.088885628,0.13890709,0.26445276,0.49016014,0.14284022,0.19645126,-0.96472603,0.12933752,-2.8682401,-0.90245831,-2.1119037,2.9975777,1.0317959,10.576211,10.798746,10.169878,10.562425
29,MO,0.19709252,0.35176957,0.2120112,0.23912673,0.004405024,0.019882722,0.055343989,0.16921949,0.75114876,0.42269543,0.076033756,0.49852458,0.029791554,0.1363211,408486,0.51768267,0.24309212,0.17613305,0.20154023,0.55116832,0.2036525,0.21501228,0.23893681,0.51572216,0.26456714,0.18074811,0.27554768,0.18786524,0.14428426,0.27927873,0.11856402,0.24300252,0.074304752,0.14816351,0.059203964,0.077474028,0.1202267,0.28618804,0.096146241,0.15743621,0.18419281,0.50837415,0.14404261,0.21760301,-0.14273666,0.22112796,-2.5277874,-0.82834387,-1.2649,2.7489154,1.0494719,10.785765,10.84499,10.375848,10.605211
30,MT,0.23803797,0.027730798,0.38849378,0.34573746,0.1198619,0.0087330043,0.041015618,0.010066246,0.82032323,0.36862773,0.089495987,0.45750695,0.02901705,0.12275598,65705.8,0.16384777,0.11641641,0.1529268,0.22145632,0.032380164,0.05763334,0.1882879,0.24060276,0.49904501,0.28983194,0.23458071,0.30421448,0.19275792,0.14445667,0.2113976,0.1240942,0.24000727,0.064403191,0.10951476,0.048788927,0.069463514,0.09421055,0.22340374,0.079336435,0.18546025,0.13460255,0.23587085,0.11902755,0.23184916,0.11868019,0.36621794,-1.1871063,-0.96628529,-2.7146339,1.5533242,1.3325032,10.754933,10.785593,10.423528,10.494246
31,NE,0.43057215,0.1000595,0.23324722,0.23612112,0.015049635,0.024313629,0.1738859,0.072207458,0.7145434,0.35177302,0.093883738,0.445656,0.065181769,0.15081213,133624.65,0.39348793,0.32243079,0.18299466,0.20676902,0.35282046,0.34598333,0.22074972,0.25411797,0.46109986,0.29097506,0.20617566,0.31388402,0.10783153,0.11943379,0.30971363,0.09071622,0.23884381,0.049098171,0.13042174,0.03896546,0.078311406,0.082932882,0.29299501,0.062974326,0.16853359,0.14952737,0.47597533,0.12464539,0.22889625,0.32194757,0.62852859,-2.4822278,-0.98401803,-2.8891494,3.1107564,1.6125467,10.866682,10.916302,10.306331,10.594054
32,NV,0.58641648,0.32105142,0.06626644,0.026265686,0.01194338,0.06504342,0.42597002,0.11007207,0.38697112,0.47164685,0.07998132,0.55144066,0.168175,0.11485294,209224.8888888889,0.28088149,0.24398355,0.22281097,0.24453376,0.29518479,0.29989317,0.27000943,0.28816545,0.56294858,0.22619195,0.18352515,0.27536133,0.097645737,0.13499388,0.2311544,0.094769776,0.19340518,0.088980392,0.13968995,0.077587239,0.089825466,0.094981641,0.21244499,0.065902449,0.14061922,0.19518897,0.40708807,0.15170555,0.2265804,-0.11037563,0.36714479,-1.7557005,-0.7511723,-1.6123862,2.1228454,1.1183171,10.900863,10.995969,10.565711,10.726751
33,NH,0.13906436,0.35895592,0.15537645,0.3466033,0.0031160964,0.030896034,0.04596965,0.020092014,0.89992619,0.22354242,0.052254308,0.27579674,0.021408562,0.15807097,85426.6,0.17836675,0.21708593,0.13991639,0.13682146,0.061098762,0.13164905,0.1484156,0.15591678,0.2751177,0.34051779,0.29281133,0.33503973,0.25218794,0.081782654,0.21424897,0.075477898,0.18534762,0.057905033,0.097309142,0.05182609,0.09936069,0.068118595,0.21518293,0.063800968,0.17792153,0.14104673,0.27282065,0.13680619,0.29551902,0.6535688,0.72073215,-0.93262881,-0.81062192,-0.75856978,1.653361,1.5313541,11.104072,11.111776,10.771813,10.842776
34,NJ,0.09568312,0.80849117,0.016341226,0.079484463,0.0012481175,0.09801919,0.23519459,0.15585381,0.50968426,0.30065781,0.057838287,0.35848019,0.045326017,0.16346782,593174.4,0.51827806,0.44490829,0.32239911,0.34422451,0.55964762,0.50776315,0.36832541,0.40368643,0.38340688,0.36279359,0.22516103,0.38236776,0.17146325,0.099048547,0.18592659,0.057610068,0.18637313,0.076062299,0.13208441,0.064088635,0.083688527,0.072257921,0.16768223,0.034113675,0.17062847,0.18985878,0.44193965,0.13079622,0.28991461,0.4623552,0.99619961,-1.3779314,-0.82055277,-1.1193541,2.374131,1.8167523,11.187133,11.311961,10.767461,10.80993
35,NM,0.44987971,0.090262473,0.29703602,0.16282183,0.097025216,0.012322555,0.61670059,0.020608973,0.25334266,0.63468719,0.080968603,0.71361661,0.1516221,0.142703,150652.4,0.17352459,0.19619358,0.26720244,0.33741379,0.11165545,0.21612516,0.30801949,0.32916862,0.73343432,0.25941202,0.26768222,0.37818524,0.1502499,0.19709229,0.24896002,0.11479704,0.2437828,0.084473208,0.09654741,0.058935042,0.08931414,0.13840127,0.18845543,0.075224422,0.20046639,0.21123646,0.27414119,0.1392321,0.25906241,-0.51698148,0.45838886,-1.1267443,-1.2149029,-2.2121937,1.5851332,1.6732917,10.700344,10.892964,10.520247,10.522318
36,NY,0.12824136,0.58150309,0.10841057,0.18184496,0.0057361051,0.088730738,0.23946853,0.17159879,0.49446583,0.44231871,0.064063758,0.50636733,0.042468321,0.15623957,1162825.65,0.61493254,0.53176188,0.28170508,0.24492843,0.66399682,0.58976835,0.33933282,0.29454666,0.4192225,0.33552334,0.22295515,0.37754256,0.17035729,0.14711401,0.22220607,0.095015109,0.24746595,0.077540271,0.12144089,0.057906672,0.095415875,0.13356194,0.24886963,0.075757898,0.28828973,0.22841328,0.49254507,0.14372416,0.37345213,-0.12017114,0.63722748,-1.8837066,-1.7314824,-1.7675931,2.5209341,2.3687098,10.978631,11.116055,10.644992,10.61888
37,NC,0.33939859,0.17217886,0.069577366,0.41884521,0.013977844,0.02919526,0.15228093,0.27446926,0.53007668,0.48733938,0.069102243,0.55620998,0.06662783,0.12615375,695563.2,0.3143532,0.21578856,0.2217824,0.15364936,0.36120734,0.24257725,0.26137635,0.19083482,0.52032214,0.27854925,0.19581397,0.31488186,0.12955911,0.16001984,0.25575054,0.10866824,0.30267236,0.08261206,0.13444728,0.066496752,0.084267721,0.12259525,0.25526932,0.077587463,0.17208788,0.20109102,0.44046664,0.13217366,0.20885737,-0.27084145,0.37660393,-2.0946603,-1.1897011,-1.6794536,2.4712644,1.5663049,10.763955,10.891347,10.410332,10.481818
38,ND,0.29474777,0.1148271,0.21147344,0.3789517,0.091158226,0.013132165,0.034927394,0.03437455,0.82640767,0.26187915,0.072277419,0.33410931,0.034109764,0.13265887,45527.2,0.1844494,0.19657201,0.11428951,0.15518521,0.071207196,0.083234534,0.13727549,0.18247396,0.34999594,0.27568951,0.23879772,0.29252687,0.17793021,0.11461659,0.32749176,0.091254525,0.21197246,0.034068432,0.10861543,0.026977483,0.072345518,0.072649382,0.24142927,0.056254048,0.18924595,0.12688085,0.31132627,0.10656787,0.2084035,0.48643711,0.72861034,-1.8362398,-0.80779195,-2.5272527,2.5648501,1.5364022,10.886888,10.92628,10.275696,10.599798
39,OH,0.18217146,0.44453219,0.13546759,0.23782876,0.0013708848,0.020949215,0.046618257,0.16676578,0.76429588,0.41138995,0.064971976,0.47632027,0.027064523,0.1480027,788951.8,0.53697973,0.25260305,0.21534681,0.28112489,0.56084383,0.20079282,0.26211938,0.32116011,0.48635504,0.25457233,0.17081904,0.26449546,0.17852509,0.14674912,0.31927612,0.1142604,0.26852769,0.08461874,0.16256568,0.066856109,0.10478513,0.12730536,0.30553889,0.097782359,0.232134,0.19802567,0.5153951,0.15517111,0.28880414,-0.25156122,0.17417932,-2.8530819,-1.4786892,-1.8442469,3.0272613,1.6528685,10.807995,10.88185,10.274871,10.546361
40,OK,0.21773212,0.23754349,0.24511734,0.29960707,0.17034844,0.020634685,0.15345633,0.10057866,0.55498189,0.53399312,0.097963654,0.63172835,0.071644053,0.23452032,292772.6,0.34053689,0.26132441,0.16104268,0.19385149,0.33953261,0.293825,0.19987892,0.22341813,0.60192752,0.23730677,0.19198279,0.26363695,0.1081216,0.1642983,0.29749617,0.12792826,0.26812333,0.062336836,0.11357655,0.052478019,0.061486267,0.12663992,0.27161127,0.10133606,0.17178825,0.18504396,0.43898568,0.15099114,0.20878361,-0.23370185,0.15446222,-2.2247839,-0.99459249,-1.092186,2.379246,1.1490546,10.726167,10.805671,10.313793,10.515692
41,OR,0.4182758,0.21210563,0.27139309,0.098225467,0.01716187,0.043825194,0.22992682,0.025866006,0.68322009,0.45040917,0.077729337,0.52813613,0.099346176,0.14453219,259154.65,0.28203532,0.18235882,0.12458843,0.24165869,0.19925642,0.20937929,0.15798639,0.27002427,0.55759573,0.30280265,0.24326733,0.32199967,0.13363951,0.14741677,0.30033863,0.12483146,0.25387359,0.088262938,0.14216039,0.079050109,0.092263393,0.15777919,0.34590089,0.14041358,0.27795455,0.16192341,0.38602611,0.14891115,0.22455971,-0.18272804,0.048554782,-2.3365326,-1.369181,-1.9834788,2.3850873,1.4177358,10.861542,10.891728,10.410698,10.616495
42,PA,0.20937243,0.51076221,0.10663506,0.17323031,0.0015789503,0.035903379,0.097954884,0.15368415,0.71087861,0.38977164,0.055583149,0.44510952,0.029404648,0.17246225,791588.6,0.53976083,0.44460955,0.26598299,0.25299332,0.57489949,0.45877075,0.31478634,0.29884818,0.4473204,0.28013712,0.17461224,0.28797013,0.14836054,0.12781717,0.28036815,0.092871964,0.30874017,0.076781407,0.15384169,0.059459724,0.12463806,0.1119412,0.29006991,0.079962477,0.3239103,0.18377045,0.50867587,0.14056073,0.36308452,-0.0071561523,0.42367536,-2.5594761,-2.2369206,-1.7999301,2.9831514,2.6605959,10.880077,10.944348,10.404137,10.460464
44,RI,0.27819803,0.62545806,0.0087654367,0.087578475,0.0073155514,0.032324236,0.23147896,0.084451519,0.64442974,0.40143117,0.060221285,0.46164989,0.067708768,0.17095709,63906.95,0.39618728,0.48295856,0.24536771,0.28171492,0.38441485,0.54047877,0.30279845,0.34378555,0.47043878,0.31351081,0.2009214,0.33425072,0.13907668,0.12899294,0.25678244,0.087530471,0.29849184,0.081765145,0.11389346,0.066356756,0.12829942,0.12609661,0.27573118,0.087569475,0.36226395,0.21298751,0.45484933,0.16880892,0.39875087,-0.065547414,0.43033084,-2.0393152,-2.4634542,-2.7697873,2.469646,2.893785,10.956977,11.051232,10.508618,10.427951
45,SC,0.21465263,0.41087386,0.11102414,0.26344937,0.0034333591,0.015432588,0.077602752,0.35864657,0.54488474,0.53531706,0.063024685,0.59799045,0.053420912,0.13529804,334674.7,0.25228471,0.16812313,0.2037216,0.15330209,0.30057329,0.15775931,0.24209112,0.18827212,0.59741461,0.25317767,0.1516511,0.30061847,0.14299555,0.16671747,0.27711862,0.10976819,0.2842806,0.086693354,0.13885893,0.06607642,0.077814028,0.12940797,0.26487887,0.076118119,0.15695292,0.22314467,0.46458554,0.13529179,0.20424403,-0.43406051,0.35518405,-2.3751924,-1.0074072,-1.6171744,2.7303765,1.3625913,10.731491,10.891249,10.31226,10.528965
46,SD,0.28281704,0.0059915395,0.29882956,0.41236189,0.12324804,0.015750147,0.044488966,0.027814362,0.78869849,0.31877032,0.092268087,0.41034251,0.035707861,0.14364608,58313.7,0.26997343,0.16864352,0.17428614,0.22734393,0.15318626,0.092744403,0.21469934,0.25229344,0.45878273,0.26593828,0.19364116,0.28752798,0.15703802,0.13578717,0.29487264,0.093737505,0.2298844,0.047669243,0.1220201,0.028948311,0.08116699,0.094332837,0.27133718,0.066540174,0.20695487,0.14814779,0.32379371,0.11669444,0.27358073,0.18933327,0.61013746,-1.9125655,-1.1471211,-4.1883149,2.5227029,1.7572585,10.811731,10.859984,10.392983,10.591338
47,TN,0.313366,0.23926412,0.14147849,0.30589139,0.0018481897,0.018510915,0.079712734,0.2291653,0.67076284,0.46260616,0.071231477,0.5338372,0.035224576,0.12615162,433443.25,0.51572597,0.28432402,0.15904824,0.18160121,0.55440903,0.26692888,0.19541258,0.21748599,0.52939999,0.24238248,0.18491779,0.25679174,0.13513577,0.16654135,0.27958381,0.13305491,0.30297673,0.079267301,0.13476978,0.067753814,0.070437767,0.14959633,0.28626886,0.11922356,0.22229272,0.19957754,0.47801399,0.14793982,0.19144127,-0.42103118,0.00872753,-2.3788497,-1.2209388,-0.95456082,2.3875773,1.2296664,10.720655,10.793264,10.388213,10.498586
48,TX,0.43214652,0.31447911,0.10188379,0.15149055,0.0040014209,0.039711013,0.51427805,0.12991959,0.31208995,0.50626558,0.073894389,0.58010417,0.15634331,0.088868633,2276162.8,0.39367923,0.37454224,0.22431245,0.26042101,0.44039363,0.42138752,0.27322716,0.31053022,0.60472989,0.27065939,0.22321118,0.3525925,0.13125581,0.16674109,0.22952336,0.089212403,0.24682039,0.065196402,0.1119459,0.053220395,0.07165885,0.11948024,0.21034712,0.057195403,0.19916818,0.20188658,0.42523938,0.1320188,0.24323599,-0.15139385,0.70887089,-1.6231383,-1.0764091,-0.6589151,2.3320093,1.78528,10.866629,11.07754,10.558619,10.598232
49,UT,0.14881326,0.66283298,0.12343276,0.064921021,0.011819592,0.020450592,0.16390194,0.014253184,0.78957468,0.32372674,0.090953492,0.41463989,0.065523624,0.12128862,283672.4,0.1605127,0.21257213,0.16201721,0.1681591,0.066133529,0.22775504,0.19532947,0.20699981,0.39058149,0.30794832,0.23364078,0.33953634,0.13365886,0.11108331,0.25172758,0.08777301,0.21596691,0.054124583,0.094687663,0.048856121,0.070808619,0.074038818,0.18645149,0.062864192,0.13335343,0.12611812,0.26070997,0.11208998,0.20289762,0.51024628,0.73512822,-1.0934869,-0.63100636,-1.7777776,1.8286151,1.3661345,11.002616,11.051609,10.574363,10.680024
50,VT,0.070694774,0.10848522,0.26259363,0.55822635,0.0025517608,0.01792473,0.015800036,0.01985579,0.94386768,0.32058036,0.068598703,0.38916522,0.0055619604,0.11731507,37269.94444444445,0.22728014,0.13542783,0.087315671,0.11123572,0.081889145,0.025278276,0.10530036,0.13856259,0.39797869,0.34870166,0.34399974,0.33927381,0.37538791,0.11312429,0.25203392,0.10837623,0.16575815,0.061862666,0.09490069,0.054605458,0.075534754,0.11528013,0.25191486,0.11118612,0.13604999,0.14820409,0.40130234,0.14442268,0.23465998,0.27379227,0.33669555,-1.4845823,-0.28209913,-1.2376492,1.8212779,0.61879468,10.899892,10.909679,10.640026,10.739612
51,VA,0.21721275,0.48193187,0.057720993,0.24313439,0.0031788386,0.068303511,0.13321584,0.24228501,0.55301678,0.33998686,0.066522874,0.40647587,0.076079965,0.12926841,568065.8,0.31569609,0.25332755,0.1856412,0.17761983,0.35894018,0.27012157,0.21704918,0.21673764,0.40884802,0.35615808,0.2174481,0.37664208,0.22504766,0.10839611,0.18975672,0.081823945,0.1447868,0.059491314000000003,0.099037357,0.047781009,0.061601114,0.08183632,0.18070601,0.055916447,0.095566534,0.18111353,0.39778095,0.12670419,0.20724131,0.42713326,0.84506929,-1.2182692,0.012195922,-0.30140826,2.0633385,0.83287334,11.071029,11.153633,10.696336,11.001334
53,WA,0.33794269,0.43921852,0.13420632,0.088632472,0.017240047,0.082437687,0.21964085,0.050655503,0.63002592,0.37736398,0.07840053,0.4557299,0.092801824,0.12423511,478636.3,0.28783533,0.2450538,0.16866492,0.18971989,0.23689365,0.28578788,0.20493321,0.23272496,0.46774611,0.3252039,0.23347422,0.34341192,0.14223683,0.12253677,0.23761907,0.097461797,0.23428063,0.074340262,0.11769371000000001,0.066036776,0.0895923,0.1183709,0.25782025,0.098441482,0.22859688,0.15712444,0.33445585,0.13735491,0.23435928,0.20264715,0.46730766,-1.5054201,-1.1207435,-1.8914407,1.9727278,1.5880512,11.019308,11.060703,10.673588,10.692917
54,WV,0.14866,0.23905744,0.2432486,0.36903396,0.0011706828,0.0070941676,0.01431834,0.049945969,0.92747086,0.48711413,0.077215262,0.56432843,0.0076749544,0.16167417,122122.7,0.24831635,0.19532505,0.053965699,0.20751606,0.14648667,0.046753112,0.071401462,0.20137917,0.62732697,0.18539244,0.15957665,0.18917078,0.21201757,0.17921576,0.30940697,0.17198205,0.25066814,0.084433667,0.12160514,0.073697247,0.091168106,0.15118074,0.27140778,0.14617327,0.17138851,0.17238863,0.41377711,0.16432157,0.20087004,-0.55083638,-0.43383822,-2.318033,-0.91037709,-2.2006471,1.8841946999999999,0.47653887,10.605687,10.619225,10.229063,10.559784
55,WI,0.30477238,0.27481583,0.2174719,0.20293988,0.013186718,0.038106874,0.10725037,0.097903453,0.74355257,0.34652296,0.063366741,0.40987721,0.052471876,0.14041364,367258.2,0.53983194,0.29603797,0.17640704,0.18320712,0.55407405,0.29739082,0.21545748,0.22429712,0.41413355,0.27223417,0.1466243,0.28785163,0.12917703,0.11941774,0.35149628,0.089508757,0.24526401,0.065601535,0.16297175,0.050670348,0.088657133,0.10032804,0.36859533,0.074629292,0.24237977,0.15542124,0.5683673,0.12335856,0.25893077,0.17172676,0.53108722,-3.322681,-1.3441919,-1.8663205,3.8537681,1.8752792,10.891169,10.941643,10.238222,10.563667
56,WY,0.28731266,0,0.49512291,0.21756442,0.035208322,0.0086316112,0.13532494,0.012310965,0.80852413,0.28376329,0.10765999,0.39122051,0.030199267,0.14600055,42189.11111111111,0.15936048,0.11297476,0.081473537,0.080911189,0.033390347,0.093716584,0.098391779,0.098064013,0.36592343,0.25149268,0.19282205,0.27533719,0.1272192,0.10656387,0.25217679,0.093132861,0.18183398,0.050808351,0.16657898,0.044359956,0.064019851,0.055646934,0.1448769,0.047788441,0.10011946,0.12896508,0.27344301,0.11594464,0.21175049,0.48394704,0.6531747,-1.3167636,-0.41903174,-1.8933086,1.9699383,1.0722064,10.941292,10.970676,10.668075,10.704685
72,PR,0,1,0,0,6.5253867e-4,1.0533299e-4,0.9980948,1.7305715e-4,9.7431056e-4,0.82926273,0.077376656,0.9066394,0.0034365756,0.28648761,196820.2,0.89049512,0.4223699,8.2981715e-4,0.1534964,0.8724618,0.044276852,8.8416028e-4,0.097289696,0.84400129,0.23160703,NA,0.35668242,0.23032367,0.44821158,NA,0.34064153,0.44924837,0.1689333,NA,0.11030051,0.1696305,0.35281956,NA,0.18992282,0.3547788,0.33110803,NA,0.18661904,0.33269128,-3.0887039,-1.3708336,NA,-3.1084268,NA,NA,1.6631759,9.8681202,10.318392,NA,9.8631239
